{
  "cli": {
    "version": ">= 3.0.0"
  },
  "build": {
    "development": {
      "developmentClient": true,
      "distribution": "internal"
    },
    "preview": {
      "distribution": "internal",
      "ios": {
        "simulator": false
      }
    },
    "production": {
      "autoIncrement": true
    }
  },
  "submit": {
    "production": {
      "ios": {
        "appleId": "your@email.com",
        "ascAppId": "YOUR_APP_STORE_CONNECT_APP_ID",
        "appleTeamId": "YOUR_TEAM_ID"
      }
    }
  }
}



